Title,ID
Comparison of therapeutic effects of mesenchymal stem cells from umbilical cord and bone marrow in the treatment of type 1 diabetes.,35941696
Mice Humanized for MHC and hACE2 with High Permissiveness to SARS-CoV-2 Omicron Replication.,37080384
Mice Humanized for Major Histocompatibility Complex and Angiotensin-Converting Enzyme 2 with High Permissiveness to SARS-CoV-2 Omicron Replication,10.1101/2022.12.01.518541
IL-4Rα signalling in B cells and T cells play differential roles in acute and chronic atopic dermatitis.,36599893
Dynamics of the Coreceptor-LCK Interactions during T Cell Development Shape the Self-Reactivity of Peripheral CD4 and CD8 T Cells.,32023465
Comparative immunogenicity analysis of intradermal versus intramuscular immunization with a recombinant human adenovirus type 5 vaccine against Ebola virus.,36119119
Short or Long Interval between Priming and Boosting: Does It Impact on the Vaccine Immunogenicity? ,33804604
IL-12p40 is essential but not sufficient for Francisella tularensis LVS clearance in chronically infected mice.,36972230
CD69 expression on regulatory T cells protects from immune damage after myocardial infarction.,36066993
Thymocytes trigger self-antigen-controlling pathways in immature medullary thymic epithelial stages. ,35188458
Synthetic TGF-β Signaling Agonist-Treated Dendritic Cells Induce Tolerogenicity and Antirheumatic Effects.,36135173
Aminoclay Nanoparticles Induce Anti-Inflammatory Dendritic Cells to Attenuate LPS-Elicited Pro-Inflammatory Immune Responses.,36557876
A selective LIS1 requirement for mitotic spindle assembly discriminates distinct T-cell division mechanisms within the T-cell lineage.,36519536
"Lipid-Polymer Hybrid ""Particle-in-Particle"" Nanostructure Gene Delivery Platform Explored for Lyophilizable DNA and mRNA COVID-19 Vaccines.",35942271
Intestinal epithelial HDAC3 and MHC class II coordinate microbiota-specific immunity.,36602872
TGFβ receptor inhibition unleashes interferon-β production by tumor-associated macrophages and enhances radiotherapy efficacy.,35301235
DOT1L affects colorectal carcinogenesis via altering T cell subsets and oncogenic pathway.,35309733
Immune response and protective efficacy of the SARS-CoV-2 recombinant spike protein vaccine S-268019-b in mice.,36460696
Peptidome profiling for the immunological stratification in sepsis: a proof of concept study.,35794460
Opposing Roles of DCs and iNKT Cells in the Induction of Foxp3 Expression by MLN CD25<sup>+</sup>CD4<sup>+</sup> T Cells during IFNγ-Driven Colitis.,36499642
Coinfection with SARS-CoV-2 and Influenza A Virus Increases Disease Severity and Impairs Neutralizing Antibody and CD4<sup>+</sup> T Cell Responses.,35107382
A human STAT3 gain-of-function variant confers T cell dysregulation without predominant Treg dysfunction in mice.,36136607
Delayed Activation of T Cells at the Site of Infection Facilitates the Establishment of Trypanosoma cruzi in Both Naive and Immune Hosts.,36695605
CD1d-independent NK1.1<sup>+</sup> Treg cells are IL2-inducible Foxp3<sup>+</sup> T cells co-expressing immunosuppressive and cytotoxic molecules.,36177042
Increasingly divergent responses to infection in mice suggest B cell evolution is not constrained by germline-encoded specificities,10.1101/2022.09.16.508315
ADAR1 mutation causes ZBP1-dependent immunopathology.,35859177
Isolevuglandins disrupt PU.1-mediated C1q expression and promote autoimmunity and hypertension in systemic lupus erythematosus.,35608913
Control of Foxp3 induction and maintenance by sequential histone acetylation and DNA demethylation.,34910919
Calcineurin inhibitors suppress acute graft-versus-host disease via NFAT-independent inhibition of T cell receptor signaling. ,33822776
"Mouse phospholipid phosphatase 6 regulates dendritic cell cholesterol, macropinocytosis, and allergen sensitization.",36238896
Garcinia kola treatment exhibits immunomodulatory properties while not affecting type 1 diabetes development in an experimental mouse model,PMC8777369
Identification of a Kupffer cell subset capable of reverting the T cell dysfunction induced by hepatocellular priming.,34469774
Lysosomal Acid Lipase Is Required for Donor T Cells to Induce Graft-versus-Host Disease.,33113360
Myeloid antigen-presenting cell niches sustain antitumor T cells and license PD-1 blockade via CD28 costimulation.,34739845
Development of a <sup>64</sup>Cu-labeled CD4<sup>+</sup> T cell targeting PET tracer: evaluation of CD4 specificity and its potential use in collagen-induced arthritis.,36114433
When killers become thieves: Trogocytosed PD-1 inhibits NK cells in cancer.,35417234
Membrane Permeant Inhibitor of Myosin Light Chain Kinase Worsens Survival in Murine Polymicrobial Sepsis.,33606476
Interferon gamma constrains type 2 lymphocyte niche boundaries during mixed inflammation.,35139352
Conserved metabolic enzymes as vaccine antigens for giardiasis.,35468132
Follicular T cells optimize the germinal center response to SARS-CoV-2 protein vaccination in mice.,35139367
Self-reactivity of CD8 T-cell clones determines their differentiation status rather than their responsiveness in infections.,36275704
CD73-mediated adenosine production by CD8 T cell-derived extracellular vesicles constitutes an intrinsic mechanism of immune suppression.,34625545
TREM-1 orchestrates angiotensin II-induced monocyte trafficking and promotes experimental abdominal aortic aneurysm. ,33258804
"The human anti-CD40 agonist antibody mitazalimab (ADC-1013; JNJ-64457107) activates antigen-presenting cells, improves expansion of antigen-specific T cells, and enhances anti-tumor efficacy of a model cancer vaccine in vivo.",33948686
Unique roles of co-receptor-bound LCK in helper and cytotoxic T cells.,36564464
COVID-19 Subunit Vaccine with a Combination of TLR1/2 and TLR3 Agonists Induces Robust and Protective Immunity. ,34579194
Vascularized composite allotransplantation combined with costimulation blockade induces mixed chimerism and reveals intrinsic tolerogenic potential. ,32271163
"S-540956, a CpG Oligonucleotide Annealed to a Complementary Strand With an Amphiphilic Chain Unit, Acts as a Potent Cancer Vaccine Adjuvant by Targeting Draining Lymph Nodes.",35003132
Intranasal vaccination with a lentiviral vector protects against SARS-CoV-2 in preclinical animal models.,33357418
Evaluation of early innate and adaptive immune responses to the TB vaccine Mycobacterium bovis BCG and vaccine candidate BCGΔBCG1419c.,35858977
Distinct chemotherapy-associated anti-cancer immunity by myeloid cells inhibition in murine pancreatic cancer models.,30657234
Repeated α-GalCer Administration Induces a Type 2 Cytokine-Biased iNKT Cell Response and Exacerbates Atopic Skin Inflammation in Vα14Tg NC/Nga Mice. ,34829848
β-Catenin inhibition shapes tumor immunity and synergizes with immunotherapy in colorectal cancer.,32939327
Intestinal epithelial cell autophagy deficiency suppresses inflammation-associated colon tumorigenesis.,35317201
Lymphatic drainage from bronchus-associated lymphoid tissue in tolerant lung allografts promotes peripheral tolerance.,33196461
Personalized cancer vaccine strategy elicits polyfunctional T cells and demonstrates clinical benefits in ovarian cancer.,33723260
Tumor-Derived Lysophosphatidic Acid Blunts Protective Type I Interferon Responses in Ovarian Cancer.,35552618
Ablation of T cell-associated PD-1H enhances functionality and promotes adoptive immunotherapy. ,34905507
Near-infrared photoimmunotherapy targeting human-EGFR in a mouse tumor model simulating current and future clinical trials.,33933782
Blocking IL1 Beta Promotes Tumor Regression and Remodeling of the Myeloid Compartment in a Renal Cell Carcinoma Model: Multidimensional Analyses.,33148676
β-Glucan Induces Protective Trained Immunity against Mycobacterium tuberculosis Infection: A Key Role for IL-1.,32433977
Depletion of CD4 T cells provides therapeutic benefits in aged mice after ischemic stroke.,31954116
The gene silencing of IRF5 and BLYSS effectively modulates the outcome of experimental lupus nephritis.,33996261
The Cytokine IL-17A Limits Th17 Pathogenicity via a Negative Feedback Loop Driven by Autocrine Induction of IL-24.,32673565
Blimp-1 Functions as a Molecular Switch to Prevent Inflammatory Activity in Foxp3<sup>+</sup>RORγt<sup>+</sup> Regulatory T Cells.,30282028
Exploring the stage-specific roles of Tcf-1 in T cell development and malignancy at single-cell resolution.,32868912
microRNA-142 guards against autoimmunity by controlling Treg cell homeostasis and function.,35180231
Combined Deficiency of the Melanocortin 5 Receptor and Adenosine 2A Receptor Unexpectedly Provides Resistance to Autoimmune Disease in a CD8<sup>+</sup> T Cell-Dependent Manner.,34867964
Heterologous Immunization With Defined RNA and Subunit Vaccines Enhances T Cell Responses That Protect Against <i>Leishmania donovani</i>.,30386348
Pneumococcal Polysaccharide Vaccine Ameliorates Murine Lupus.,31824490
Trans-Ned 19-Mediated Antagonism of Nicotinic Acid Adenine Nucleotide-Mediated Calcium Signaling Regulates Th17 Cell Plasticity in Mice. ,34831261
Treg-Dominant Tumor Microenvironment Is Responsible for Hyperprogressive Disease after PD-1 Blockade Therapy.,36169564
IDO1 Expression in Ovarian Cancer Induces PD-1 in T Cells <i>via</i> Aryl Hydrocarbon Receptor Activation.,34025677
Ubiquitous Overexpression of Chromatin Remodeling Factor SRG3 Exacerbates Atopic Dermatitis in NC/Nga Mice by Enhancing Th2 Immune Responses. ,33557054
Alternaria alternata Accelerates Loss of Alveolar Macrophages and Promotes Lethal Influenza A Infection. ,32867061
The functions of IL-23 and IL-2 on driving autoimmune effector T-helper 17 cells into the memory pool in dry eye disease.,32327706
SYLARAS: A Platform for the Statistical Analysis and Visual Display of Systemic Immunoprofiling Data and Its Application to Glioblastoma.,32898474
The role of T cell trafficking in CTLA-4 blockade-induced gut immunopathology.,32183814
Protein Prenylation Drives Discrete Signaling Programs for the Differentiation and Maintenance of Effector T<sub>reg</sub> Cells.,33207246
Skeleton binding protein-1-mediated parasite sequestration inhibits spontaneous resolution of malaria-associated acute respiratory distress syndrome.,34843584
IL-17 suppresses the therapeutic activity of cancer vaccines through the inhibition of CD8<sup>+</sup> T-cell responses.,32923117
Complement C3a and C5a receptors promote GVHD by suppressing mitophagy in recipient dendritic cells. ,30568037
Increased lethality in influenza and SARS-CoV-2 coinfection is prevented by influenza immunity but not SARS-CoV-2 immunity.,34611155
Heterologous Prime-Boost Combinations Highlight the Crucial Role of Adjuvant in Priming the Immune System.,29593710
Deletion of IL-4Rα signaling on B cells limits hyperresponsiveness depending on antigen load.,33383090
High-throughput single-cell fate potential assay of murine hematopoietic progenitors in vitro.,29410050
Potential of recombinant Mycobacterium paragordonae expressing HIV-1 Gag as a prime vaccine for HIV-1 infection.,31664100
"Caspase-8-Dependent Inflammatory Responses Are Controlled by Its Adaptor, FADD, and Necroptosis.",32428502
Differential Recruitment of Dendritic Cells Subsets to Lymph Nodes Correlates with a Protective or Permissive T-Cell Response during Leishmania (Viannia) Braziliensis or Leishmania (Leishmania) Amazonensis Infection.,27073297
RIPK3 Activation Leads to Cytokine Synthesis that Continues after Loss of Cell Membrane Integrity.,31461645
iNKT Cell Activation Exacerbates the Development of Huntington's Disease in R6/2 Transgenic Mice.,30766446
NK cell predicts the severity of acute graft-versus-host disease in patients after allogeneic stem cell transplantation using antithymocyte globulin (ATG) in pretreatment scheme.,31818250
Commensal segmented filamentous bacteria-derived retinoic acid primes host defense to intestinal infection.,34678170
Modulation of Primary Immune Response by Different Vaccine Adjuvants.,27781036
Programming of Distinct Chemokine-Dependent and -Independent Search Strategies for Th1 and Th2 Cells Optimizes Function at Inflamed Sites.,31399281
Stochastic Expansions Maintain the Clonal Stability of CD8<sup>+</sup> T Cell Populations Undergoing Memory Inflation Driven by Murine Cytomegalovirus.,31818981
<i>Rhodobacter azotoformans</i> LPS (RAP99-LPS) Is a TLR4 Agonist That Inhibits Lung Metastasis and Enhances TLR3-Mediated Chemokine Expression.,34113349
TLR4 is a regulator of trained immunity in a murine model of Duchenne muscular dystrophy.,35169163
Interleukin-27 Enforces Regulatory T Cell Functions to Prevent Graft-versus-Host Disease.,32117306
Therapeutic and prophylactic deletion of IL-4Ra-signaling ameliorates established ovalbumin induced allergic asthma.,31782803
A population of proinflammatory T cells coexpresses αβ and γδ T cell receptors in mice and humans.,32106283
LAG3 associates with TCR-CD3 complexes and suppresses signaling by driving co-receptor-Lck dissociation.,35437325
Tanshinone IIA Ameliorates CNS Autoimmunity by Promoting the Differentiation of Regulatory T Cells.,31845175
TLR4-dependent effects of ISAg treatment on conventional T cell polarization <i>in vivo</i>.,31231582
Erythropoietin Reduces Auto- and Alloantibodies by Inhibiting T Follicular Helper Cell Differentiation.,34261755
"""γδT Cell-IL17A-Neutrophil"" Axis Drives Immunosuppression and Confers Breast Cancer Resistance to High-Dose Anti-VEGFR2 Therapy.",34721375
Anti-TIGIT differentially affects sepsis survival in immunologically experienced versus previously naive hosts. ,33682797
Intravenous Labeling and Analysis of the Content of Thymic Perivascular Spaces. ,29644257
CMV-independent increase in CD27-CD28+ CD8+ EMRA T cells is inversely related to mortality in octogenarians.,31993214
Kallistatin Attenuates Experimental Autoimmune Uveitis by Inhibiting Activation of T Cells.,32508841
Subcapsular Sinus Macrophages Promote Melanoma Metastasis to the Sentinel Lymph Nodes via an IL1α-STAT3 Axis.,36206577
Tim-3 adaptor protein Bat3 is a molecular checkpoint of T cell terminal differentiation and exhaustion. ,33931442
Cyclic Di-Adenosine Monophosphate: A Promising Adjuvant Candidate for the Development of Neonatal Vaccines. ,33535570
IL-33 dysregulates regulatory T cells and impairs established immunologic tolerance in the lungs.,28196763
Self-adjuvanting nanoemulsion targeting dendritic cell receptor Clec9A enables antigen-specific immunotherapy.,29485973
Memory CD4+ T cells enhance B-cell responses to drifting influenza immunization.,30548475
HPTE-Induced Embryonic Thymocyte Death and Alteration of Differentiation Is Not Rescued by ERα or GPER Inhibition but Is Exacerbated by Concurrent TCR Signaling. ,34576301
Early innate and adaptive immune perturbations determine long-term severity of chronic virus and Mycobacterium tuberculosis coinfection.,33515487
Gut microbiota modulate radiotherapy-associated antitumor immune responses against hepatocellular carcinoma Via STING signaling.,36093568
Distinct Roles for Rac1 in Sertoli Cell Function during Testicular Development and Spermatogenesis.,32294451
Prophylactic Sublingual Immunization with Mycobacterium tuberculosis Subunit Vaccine Incorporating the Natural Killer T Cell Agonist Alpha-Galactosylceramide Enhances Protective Immunity to Limit Pulmonary and Extra-Pulmonary Bacterial Burden in Mice. ,29210987
PIM-2 protein kinase negatively regulates T cell responses in transplantation and tumor immunity.,29781812
Contribution of Regulatory T Cells in Nucleotide-Binding Oligomerization Domain 2 Response to Influenza Virus Infection.,29445379
Gut microbiota modulate dendritic cell antigen presentation and radiotherapy-induced antitumor immune response.,31815742
Tumor microenvironment dictates regulatory T cell phenotype: Upregulated immune checkpoints reinforce suppressive function.,31801611
Transcriptomics of the Vaccine Immune Response: Priming With Adjuvant Modulates Recall Innate Responses After Boosting.,29922291
Very Low Numbers of CD4+ FoxP3+ Tregs Expanded in Donors via TL1A-Ig and Low-Dose IL-2 Exhibit a Distinct Activation/Functional Profile and Suppress GVHD in a Preclinical Model.,29751114
Ex-vivo iTreg differentiation revisited: Convenient alternatives to existing strategies.,27919837
SARS-CoV-2 infection of human ACE2-transgenic mice causes severe lung inflammation and impaired function.,32839612
Antigen delivery targeted to tumor-associated macrophages overcomes tumor immune resistance.,30628894
Intercellular Adhesion Molecule-1 (ICAM-1) and ICAM-2 Differentially Contribute to Peripheral Activation and CNS Entry of Autoaggressive Th1 and Th17 Cells in Experimental Autoimmune Encephalomyelitis.,31993059
Resolving TYK2 locus genotype-to-phenotype differences in autoimmunity.,27807284
The probiotic strain Escherichia coli Nissle 1917 prevents papain-induced respiratory barrier injury and severe allergic inflammation in mice.,30050168
Switchable immune modulator for tumor-specific activation of anticancer immunity.,34516776
Basophil-derived IL-6 regulates T<sub>H</sub>17 cell differentiation and CD4 T cell immunity.,28134325
Human immunoglobulin G hinge regulates agonistic anti-CD40 immunostimulatory and antitumour activities through biophysical flexibility.,31562320
Cordyceps sinensis promotes immune regulation and enhances bacteriostatic activity of PA-824 via IL-10 in Mycobacterium tuberculosis disease.,28793052
Exacerbation of autoimmune uveitis by obesity occurs through the melanocortin 5 receptor.,31287586
The Guanine-Nucleotide Exchange Factor Caldag Gefi Fine-Tunes Functional Properties of Regulatory T Cells.,28690878
Immune Cell-Type Specific Ablation of Adapter Protein ADAP Differentially Modulates EAE.,31632410
Bortezomib treatment induces a higher mortality rate in lupus model mice with a higher disease activity.,28800777
Photopic light-mediated down-regulation of local α<sub>1A</sub>-adrenergic signaling protects blood-retina barrier in experimental autoimmune uveoretinitis.,30787395
Use of Post-transplant Cyclophosphamide Treatment to Build a Tolerance Platform to Prevent Liquid and Solid Organ Allograft Rejection.,33737937
PHF6 regulates phenotypic plasticity through chromatin organization within lineage-specific genes.,28607179
A distal enhancer at risk locus 11q13.5 promotes suppression of colitis by T<sub>reg</sub> cells.,32499651
Local injection of CCL19-expressing mesenchymal stem cells augments the therapeutic efficacy of anti-PD-L1 antibody by promoting infiltration of immune cells. ,32675195
TIGIT<sup>+</sup> A2Ar-Dependent anti-uveitic Treg cells are a novel subset of Tregs associated with resolution of autoimmune uveitis.,32201225
Monocytic myeloid-derived suppressor cells regulate T-cell responses against vaccinia virus.,28383204
"Dengue vaccine-induced CD8+ T cell immunity confers protection in the context of enhancing, interfering maternal antibodies. ",29263304
NK cell heparanase controls tumor invasion and immune surveillance.,28581441
Therapeutic blockade of CXCR2 rapidly clears inflammation in arthritis and atopic dermatitis models: demonstration with surrogate and humanized antibodies.,33347356
T cell infiltration in both human multiple system atrophy and a novel mouse model of the disease.,31993745
Pulsed low-dose RANKL as a potential therapeutic for postmenopausal osteoporosis. ,27570837
"Function of CSF1 and IL34 in Macrophage Homeostasis, Inflammation, and Cancer.",31552020
Bacterial Genotoxin Accelerates Transient Infection-Driven Murine Colon Tumorigenesis.,34479870
Axenic <i>Caenorhabditis elegans</i> antigen protects against development of type-1 diabetes in NOD mice.,32939449
"NKT Cells in Mice Originate from Cytoplasmic CD3-Positive, CD4<sup>-</sup>CD8<sup>-</sup> Double-Negative Thymocytes that Express CD44 and IL-7Rα.",30755654
IL-12/23p40 overproduction by dendritic cells leads to an increased Th1 and Th17 polarization in a model of Yersinia enterocolitica-induced reactive arthritis in TNFRp55-/- mice.,29494692
IL-3 promotes the development of experimental autoimmune encephalitis.,27734026
Characterization of Mice with a Platelet-Specific Deletion of the Adapter Molecule ADAP. ,30833485
SOCS3 treatment prevents the development of alopecia areata by inhibiting CD8+ T cell-mediated autoimmune destruction.,28418931
LC3-Associated Phagocytosis in Myeloid Cells Promotes Tumor Immune Tolerance.,30245008
Lactate Exposure Promotes Immunosuppressive Phenotypes in Innate Immune Cells.,33184582
Programmed death ligand-1 expression on donor T cells drives graft-versus-host disease lethality.,27294527
Piezo1 channels restrain regulatory T cells but are dispensable for effector CD4<sup>+</sup> T cell responses.,34233878
Repeated immune activation with low-dose lipopolysaccharide attenuates the severity of Huntington's disease in R6/2 transgenic mice.,30460101
The microbiota regulate neuronal function and fear extinction learning.,31645720
Loss of ABCG1 influences regulatory T cell differentiation and atherosclerosis.,27482882
Mycobacterium tuberculosis carrying a rifampicin drug resistance mutation reprograms macrophage metabolism through cell wall lipid changes.,30224802
IL-4-secreting eosinophils promote endometrial stromal cell proliferation and prevent <i>Chlamydia</i>-induced upper genital tract damage.,28765368
Angiopoietin-2 blockade ameliorates autoimmune neuroinflammation by inhibiting leukocyte recruitment into the CNS.,32149735
GM-CSF drives dysregulated hematopoietic stem cell activity and pathogenic extramedullary myelopoiesis in experimental spondyloarthritis.,31919358
Cancer-specific type-I interferon receptor signaling promotes cancer stemness and effector CD8+ T-cell exhaustion.,34858725
CD4 T Helper Cells Instruct Lymphopenia-Induced Memory-Like CD8 T Cells for Control of Acute LCMV Infection.,28066432
TRIM21 Dysfunction Enhances Aberrant B-Cell Differentiation in Autoimmune Pathogenesis.,32117252
Indoximod opposes the immunosuppressive effects mediated by IDO and TDO via modulation of AhR function and activation of mTORC1.,32637034
Tumor-derived ILT4 induces T cell senescence and suppresses tumor immunity.,33653799
The Tumour Suppressor TMEM127 Is a Nedd4-Family E3 Ligase Adaptor Required by Salmonella SteD to Ubiquitinate and Degrade MHC Class II Molecules.,32526160
Cordycepin and a preparation from <i>Cordyceps militaris</i> inhibit malignant transformation and proliferation by decreasing EGFR and IL-17RA signaling in a murine oral cancer model.,29212184
In Vitro Recapitulation of Murine Thymopoiesis from Single Hematopoietic Stem Cells.,33113379
Improved Immune Responses in Young and Aged Mice with Adjuvanted Vaccines against H1N1 Influenza Infection.,29515589
Self-reactive CD4<sup>+</sup> IL-3<sup>+</sup> T cells amplify autoimmune inflammation in myocarditis by inciting monocyte chemotaxis.,30670465
"SARS-CoV-2 infection in the lungs of human ACE2 transgenic mice causes severe inflammation, immune cell infiltration, and compromised respiratory function",10.1101/2020.07.09.196188
Beneficial role of rapamycin in experimental autoimmune myositis.,24265670
IRF1 Inhibits Antitumor Immunity through the Upregulation of PD-L1 in the Tumor Cell.,31239318
Germ Line Deletion Reveals a Nonessential Role of Atypical Mitogen-Activated Protein Kinase 6/Extracellular Signal-Regulated Kinase 3. ,30642948
Critical Adverse Impact of IL-6 in Acute Pneumovirus Infection.,30578308
Dynamics and genomic landscape of CD8<sup>+</sup> T cells undergoing hepatic priming.,31582858
Tbet Deficiency Causes T Helper Cell Dependent Airways Eosinophilia and Mucus Hypersecretion in Response to Rhinovirus Infection.,27683080
Gut microbiota modulates adoptive cell therapy via CD8α dendritic cells and IL-12.,29467322
Fecal MicroRNAs Show Promise as Noninvasive Crohn's Disease Biomarkers.,32551441
Beneficial effects of sunitinib on tumor microenvironment and immunotherapy targeting death receptor5.,30713805
Microbiota-derived metabolite promotes HDAC3 activity in the gut.,32731255
Expression of the DNA-Binding Factor TOX Promotes the Encephalitogenic Potential of Microbe-Induced Autoreactive CD8+ T Cells.,29768177
Pneumococcal Surface Protein A Plays a Major Role in Streptococcus pneumoniae-Induced Immunosuppression.,27029587
An integrin/MFG-E8 shuttle loads HIV-1 viral-like particles onto follicular dendritic cells in mouse lymph node. ,31793433
BET Bromodomain Inhibitors Which Permit Treg Function Enable a Combinatorial Strategy to Suppress GVHD in Pre-clinical Allogeneic HSCT.,30733722
Vagotomy affects the development of oral tolerance and increases susceptibility to develop colitis independently of the alpha-7 nicotinic receptor.,27341335
Immune Responses to Broad-Spectrum Antibiotic Treatment and Fecal Microbiota Transplantation in Mice.,28469619
Natural killer T cell and TLR9 agonists as mucosal adjuvants for sublingual vaccination with clade C HIV-1 envelope protein.,25444819
Ly6C<sup>hi</sup> monocytes regulate T cell responses in viral hepatitis.,27777980
CD117<sup>+</sup>CD44<sup>+</sup> Stem T Cells Develop in the Thymus and Potently Suppress T-cell Proliferation by Modulating the CTLA-4 Pathway.,28279199
Th1 cells downregulate connexin 43 gap junctions in astrocytes via microglial activation.,27929069
Graphene oxide polarizes iNKT cells for production of TGFβ and attenuates inflammation in an iNKT cell-mediated sepsis model.,29973666
The Extracellular Domains of IgG1 and T Cell-Derived IL-4/IL-13 Are Critical for the Polyclonal Memory IgE Response In Vivo.,26523376
Cancer therapy with major histocompatibility complex-deficient and interferon β-producing myeloid cells derived from allogeneic embryonic stem cells.,31348591
Antigen-specific gene therapy after immunisation reduces the severity of collagen-induced arthritis.,24371448
Japanese Kampo medicine ninjin'yoeito synergistically enhances tumor vaccine effects mediated by CD8+ T cells.,28529575
CD28 Costimulation Is Required for Development of Herpetic Stromal Keratitis but Does Not Prevent Establishment of Latency. ,31167920
"Fecal Microbiota Transplantation, Commensal Escherichia coli and Lactobacillus johnsonii Strains Differentially Restore Intestinal and Systemic Adaptive Immune Cell Populations Following Broad-spectrum Antibiotic Treatment.",29321764
Trypanosoma brucei infection protects mice against malaria.,31703103
Erythropoietin Receptor-Mediated Molecular Crosstalk Promotes T Cell Immunoregulation and Transplant Survival.,28302753
CXCL9 compensates for the absence of CXCL10 during recurrent Herpetic stromal keratitis.,28282568
"Sephin1, which prolongs the integrated stress response, is a promising therapeutic for multiple sclerosis.",30657878
CpG Type A Induction of an Early Protective Environment in Experimental Multiple Sclerosis.,28356656
Ablation of IL-17A abrogates progression of spontaneous intestinal tumorigenesis.,20212110
"CD4<sup>+</sup> virtual memory: Antigen-inexperienced T cells reside in the naïve, regulatory, and memory T cell compartments at similar frequencies, implications for autoimmunity.",27894837
"S100A4-neutralizing antibody suppresses spontaneous tumor progression, pre-metastatic niche formation and alters T-cell polarization balance.",25884510
CXCR3 regulates CD4+ T cell cardiotropism in pressure overload-induced cardiac dysfunction. ,30779709
iNKT Cells Suppress Pathogenic NK1.1<sup>+</sup>CD8<sup>+</sup> T Cells in DSS-Induced Colitis.,30333822
mTOR-dependent translation drives tumor infiltrating CD8<sup>+</sup> effector and CD4<sup>+</sup> Treg cells expansion.,34787568
Targeted activation of melanoma differentiation-associated protein 5 (MDA5) for immunotherapy of pancreatic carcinoma.,26504669
Human neutralizing antibodies against SARS-CoV-2 require intact Fc effector functions and monocytes for optimal therapeutic protection,10.1101/2020.12.28.424554
Antibody targeting of B7-H4 enhances the immune response in urothelial carcinoma.,32363111
Characterization of the Antigen-Specific CD4(+) T Cell Response Induced by Prime-Boost Strategies with CAF01 and CpG Adjuvants Administered by the Intranasal and Subcutaneous Routes.,26379666
Development of a diet-induced murine model of diabetes featuring cardinal metabolic and pathophysiological abnormalities of type 2 diabetes.,27402965
Circumsporozoite protein-specific K(d)-restricted CD8+ T cells mediate protective antimalaria immunity in sporozoite-immunized MHC-I-K(d) transgenic mice.,25132735
Heterologous Immunity and Persistent Murine Cytomegalovirus Infection. ,27807227
Deoxyhypusine synthase promotes differentiation and proliferation of T helper type 1 (Th1) cells in autoimmune diabetes.,24196968
An RORγt Oral Inhibitor Modulates IL-17 Responses in Peripheral Blood and Intestinal Mucosa of Crohn's Disease Patients.,30405600
"The Probiotic Compound VSL#3 Modulates Mucosal, Peripheral, and Systemic Immunity Following Murine Broad-Spectrum Antibiotic Treatment.",28529928
Trained Immunity-Promoting Nanobiologic Therapy Suppresses Tumor Growth and Potentiates Checkpoint Inhibition.,33125893
Regulatory T cells resist virus infection-induced apoptosis.,25473049
Low immunogenicity of mouse induced pluripotent stem cell-derived neural stem/progenitor cells.,29021610
Impact of supplementation with a food-derived microbial community on obesity-associated inflammation and gut microbiota composition.,29043005
Stress Kinase GCN2 Controls the Proliferative Fitness and Trafficking of Cytotoxic T Cells Independent of Environmental Amino Acid Sensing.,27880901
Chimeric antigen receptor-engineered T cells as oncolytic virus carriers.,27119109
The role of ADAM17 in the T-cell response against bacterial pathogens.,28877252
Active poly-GA vaccination prevents microglia activation and motor deficits in a C9orf72 mouse model.,31858749
Lineage-affiliated transcription factors bind the Gata3 Tce1 enhancer to mediate lineage-specific programs.,26808502
AMPK-dependent and independent effects of AICAR and compound C on T-cell responses.,27177226
TRPM7 kinase activity is essential for T cell colonization and alloreactivity in the gut.,29203869
Proliferating Helper T Cells Require Rictor/mTORC2 Complex to Integrate Signals from Limiting Environmental Amino Acids.,27799302
Highly Efficient and Versatile Plasmid-Based Gene Editing in Primary T Cells.,29445007
Granulocyte-macrophage colony-stimulating factor neuroprotective activities in Alzheimer's disease mice.,29573847
Evaluation of non-reciprocal heterologous immunity between unrelated viruses.,25838115
Superior immune reconstitution using Treg-expanded donor cells versus PTCy treatment in preclinical HSCT models. ,30333311
HPV16 drives cancer immune escape via NLRX1-mediated degradation of STING.,31874109
mTOR coordinates transcriptional programs and mitochondrial metabolism of activated T<sub>reg</sub> subsets to protect tissue homeostasis.,29844370
Establishment of Chronic Typhoid Infection in a Mouse Carriage Model Involves a Type 2 Immune Shift and T and B Cell Recruitment to the Gallbladder. ,31575775
Interferon gamma and T cells inhibit osteogenesis induced by allogeneic mesenchymal stromal cells.,22886855
Population snapshots predict early haematopoietic and erythroid hierarchies.,29466336
Blockade of MCAM/CD146 impedes CNS infiltration of T cells over the choroid plexus.,30134924
Dendritic Cell-Like Cells Accumulate in Regenerating Murine Skeletal Muscle after Injury and Boost Adaptive Immune Responses Only upon a Microbial Challenge.,27196728
CD38 controls the innate immune response against Listeria monocytogenes.,23980105
CD69 Targeting Enhances Anti-vaccinia Virus Immunity. ,31315995
Interferon Regulatory Factor 4 controls T<sub>H1</sub> cell effector function and metabolism.,27762344
Succinylated chitosan derivative has local protective effects on intestinal inflammation.,29450257
Non-canonicaly recruited TCRαβCD8αα IELs recognize microbial antigens.,30022086
"Immunosuppressive property within the Streptococcus pneumoniae cell wall that inhibits generation of T follicular helper, germinal center, and plasma cell response to a coimmunized heterologous protein.",23817619
Myocarditis Elicits Dendritic Cell and Monocyte Infiltration in the Heart and Self-Antigen Presentation by Conventional Type 2 Dendritic Cells.,30524444
Programmed cell death-1 deficiency exacerbates T cell activation and atherogenesis despite expansion of regulatory T cells in atherosclerosis-prone mice.,24691202
IL-10 and NOS2 modulate antigen-specific reactivity and nerve infiltration by T cells in experimental leprosy.,25210773
Baculovirus-based Vaccine Displaying Respiratory Syncytial Virus Glycoprotein Induces Protective Immunity against RSV Infection without Vaccine-Enhanced Disease.,22536165
Impaired resolution of DSS-induced colitis in mice lacking the glucocorticoid receptor in myeloid cells.,29324769
Neutrophils regulate the lung inflammatory response via γδ T cell infiltration in an experimental mouse model of human metapneumovirus infection.,28336678
Imaging of the cross-presenting dendritic cell subsets in the skin-draining lymph node.,26755602
Role of chitosan co-formulation in enhancing interleukin-12 delivery and antitumor activity.,23453060
Role of gamma-delta T cells in host response against Staphylococcus aureus-induced pneumonia.,22776294
Listeria monocytogenes-Induced Cell Death Inhibits the Generation of Cell-Mediated Immunity. ,27821585
Pyrin Inflammasome Regulates Tight Junction Integrity to Restrict Colitis and Tumorigenesis.,29203393
Trp2 peptide vaccine adjuvanted with (R)-DOTAP inhibits tumor growth in an advanced melanoma model.,22142394
Oncolytic virotherapy with an armed vaccinia virus in an orthotopic model of renal carcinoma is associated with modification of the tumor microenvironment.,27057460
Targeted knock-in mice expressing the oxidase-fixed form of xanthine oxidoreductase favor tumor growth.,31659168
Endothelial deficiency of L1 reduces tumor angiogenesis and promotes vessel normalization.,25157817
Transforming growth factor-beta 1 delivery from microporous scaffolds decreases inflammation post-implant and enhances function of transplanted islets.,26701143
<i>Irg1</i> expression in myeloid cells prevents immunopathology during <i>M. tuberculosis</i> infection.,29511063
Immune complexes stimulate CCR7-dependent dendritic cell migration to lymph nodes.,25384086
An IL-27/NFIL3 signalling axis drives Tim-3 and IL-10 expression and T-cell dysfunction.,25614966
Bone marrow laminins influence hematopoietic stem and progenitor cell cycling and homing to the bone marrow.,29360499
Identification of a Locus in Mice that Regulates the Collateral Damage and Lethality of Virus Infection.,31042467
Combination central tolerance and peripheral checkpoint blockade unleashes antimelanoma immunity. ,28931755
Generation of a dual-functioning antitumor immune response in the peritoneal cavity.,23933065
IL-15 prolongs CD154 expression on human CD4 T cells via STAT5 binding to the CD154 transcriptional promoter.,24500400
Breaking the co-operation between bystander T-cells and natural killer cells prevents the development of immunosuppression after traumatic skeletal muscle injury in mice.,25609031
CD69 Deficiency Enhances the Host Response to Vaccinia Virus Infection through Altered NK Cell Homeostasis.,27147744
Differential requirement for CCR4 and CCR7 during the development of innate and adaptive αβT cells in the adult thymus.,24990081
"Indoleamine 2,3-dioxygenase controls fungal loads and immunity in Paracoccidioidomicosis but is more important to susceptible than resistant hosts.",25411790
Vaccine Containing the Three Allelic Variants of the <i>Plasmodium vivax</i> Circumsporozoite Antigen Induces Protection in Mice after Challenge with a Transgenic Rodent Malaria Parasite.,29075260
Cooperative therapeutic anti-tumor effect of IL-15 agonist ALT-803 and co-targeting soluble NKG2D ligand sMIC.,26625316
Lung transplant acceptance is facilitated by early events in the graft and is associated with lymphoid neogenesis.,22549742
CXCL1 but not IL-6 is required for recurrent herpetic stromal keratitis.,24442436
Disease-dependent local IL-10 production ameliorates collagen induced arthritis in mice.,23166758
FoxP3+ regulatory T cells promote influenza-specific Tfh responses by controlling IL-2 availability.,24633065
De novo design of potent and selective mimics of IL-2 and IL-15.,30626941
Maintenance of peripheral T cell responses during Mycobacterium tuberculosis infection.,23028057
The same self-peptide selects conventional and regulatory CD4⁺ T cells with identical antigen receptors.,25270305
Methoxychlor metabolite HPTE alters viability and differentiation of embryonic thymocytes from C57BL/6 mice.,29973080
Natural Killer Dendritic Cells Enhance Immune Responses Elicited by α -Galactosylceramide-Stimulated Natural Killer T Cells.,23878807
Increased susceptibility of IgA-deficient mice to pulmonary Francisella tularensis live vaccine strain infection.,23836815
"Type I IFN and not TNF, is Essential for Cyclic Di-nucleotide-elicited CTL by a Cytosolic Cross-presentation Pathway.",28754303
Broadening the repertoire of functional herpes simplex virus type 1-specific CD8+ T cells reduces viral reactivation from latency in sensory ganglia.,23878317
Galectin-8 as an immunosuppressor in experimental autoimmune encephalomyelitis and a target of human early prognostic antibodies in multiple sclerosis.,28650992
CCCTC-Binding Factor Translates Interleukin 2- and α-Ketoglutarate-Sensitive Metabolic Changes in T Cells into Context-Dependent Gene Programs.,28813658
Murine cytomegalovirus immediate-early 1 gene expression correlates with increased GVHD after allogeneic hematopoietic cell transplantation in recipients reactivating from latent infection.,23596528
Caribbean and La Réunion Chikungunya Virus Isolates Differ in Their Capacity To Induce Proinflammatory Th1 and NK Cell Responses and Acute Joint Pathology.,25995257
Vitamin C Fosters the In Vivo Differentiation of Peripheral CD4+ Foxp3- T Cells into CD4+ Foxp3+ Regulatory T Cells but Impairs Their Ability to Prolong Skin Allograft Survival.,29479348
A role for IL-27p28 as an antagonist of gp130-mediated signaling.,21057510
SYK-CARD9 Signaling Axis Promotes Gut Fungi-Mediated Inflammasome Activation to Restrict Colitis and Colon Cancer.,30231985
Runt-related transcription factor 3 is involved in the altered phenotype and function in ThPok-deficient invariant natural killer T cells.,24561456
Therapeutic Use of Soluble Fas Ligand Ameliorates Acute and Recurrent Herpetic Stromal Keratitis in Mice.,26444718
IL-4 receptor-alpha-dependent control of Cryptococcus neoformans in the early phase of pulmonary infection.,24475277
Spontaneous Intestinal Tumorigenesis in Apc (/Min+) Mice Requires Altered T Cell Development with IL-17A.,26146642
Identification and characterization of H-2d restricted CD4+ T cell epitopes on Lpp20  of Helicobacter pylori.,23234363
Stat3 Signaling Promotes Survival And Maintenance Of Medullary Thymic Epithelial Cells.,26789196
Nitric oxide synthase activity has limited influence on the control of Coccidioides infection in mice.,21513788
Protective effects of polyamine depletion in mouse models of type 1 diabetes: implications for therapy.,23846959
Microbial Ligand Costimulation Drives Neutrophilic Steroid-Refractory Asthma.,26261989
Absence of phagocyte NADPH oxidase 2 leads to severe inflammatory response in lungs of mice infected with Coccidioides.,21896326
Marked in Vivo Donor Regulatory T Cell Expansion via Interleukin-2 and TL1A-Ig Stimulation Ameliorates Graft-versus-Host Disease but Preserves Graft-versus-Leukemia in Recipients after Hematopoietic Stem Cell Transplantation.,28219835
CD40 gene silencing reduces the progression of experimental lupus nephritis modulating local milieu and systemic mechanisms.,23799000
Topical imiquimod has therapeutic and immunomodulatory effects against intracranial tumors.,21389872
Helminth Infection and Commensal Microbiota Drive Early IL-10 Production in the Skin by CD4+ T Cells That Are Functionally Suppressive.,25974019
CD4 T-cell hyporesponsiveness induced by schistosome larvae is not dependent upon eosinophils but may involve connective tissue mast cells.,26679416
T-bet Regulates Natural Regulatory T Cell Afferent Lymphatic Migration and Suppressive Function.,26880765
C1q acts in the tumour microenvironment as a cancer-promoting factor independently of complement activation.,26831747
Deficiency of AMPK in CD8+ T cells suppresses their anti-tumor function by inducing protein phosphatase-mediated cell death.,25760243
Mechanisms of Acute Toxicity in NKG2D Chimeric Antigen Receptor T Cell-Treated Mice.,27849169
Nitric oxide inhibits the accumulation of CD4+CD44hiTbet+CD69lo T cells in mycobacterial infection.,22890814
Prostaglandin E2 suppresses antifungal immunity by inhibiting interferon regulatory factor 4 function and interleukin-17 expression in T cells.,22464170
Hock immunization: a humane alternative to mouse footpad injections.,17804011
Distinct functions of antigen-specific CD4 T cells during murine Mycobacterium tuberculosis infection.,20962277
"Self-Transducible Bimodal PDX1-FOXP3 Protein Lifts Insulin Secretion and Curbs Autoimmunity, Boosting Tregs in Type 1 Diabetic Mice.",28988715
ISCOMATRIX adjuvant combines immune activation with antigen delivery to dendritic cells in vivo leading to effective cross-priming of CD8+ T cells.,21613613
Anti-CD20 antibody therapy and susceptibility to Pneumocystis pneumonia.,25733518
Cutting edge: MHC class II expression by pulmonary nonhematopoietic cells plays a critical role in controlling local inflammatory responses.,20810992
Renal intercalated cells sense and mediate inflammation via the P2Y14 receptor.,25799465
Distinct CD4 T-cell effects on primary versus recall CD8 T-cell responses during viral encephalomyelitis.,25187405
Adaptive Immune Regulation of Mammary Postnatal Organogenesis.,26321127
Factors associated with severe granulomatous pneumonia in Mycobacterium tuberculosis-infected mice vaccinated therapeutically with hsp65 DNA.,16041037
Attenuated atherosclerotic lesions in apoE-Fcγ-chain-deficient hyperlipidemic mouse model is associated with inhibition of Th17 cells and promotion of regulatory T cells.,22043015
Inoculation dose of Mycobacterium tuberculosis does not influence priming of T cell responses in lymph nodes.,23547119
CD4+ T lymphocyte ablation prevents pancreatic carcinogenesis in mice.,24795355
"Intradermal delivery of Shigella IpaB and IpaD type III secretion proteins: kinetics of cell recruitment and antigen uptake, mucosal and systemic immunity, and protection across serotypes.",24453241
Differential antitumor immunity mediated by NKT cell subsets in vivo.,16275765
Testing the role of P2X7 receptors in the development of type 1 diabetes in nonobese diabetic mice.,21357538
"A recombinant multi-antigen vaccine formulation containing Babesia bovis merozoite surface antigens MSA-2a<sub>1</sub>, MSA-2b and MSA-2c elicits invasion-inhibitory antibodies and IFN-γ producing cells.",27842609
M. tuberculosis Reprograms Hematopoietic Stem Cells to Limit Myelopoiesis and Impair Trained Immunity.,33125891
Impact of intravenous immunoglobulin on the dopaminergic system and immune response in the acute MPTP mouse model of Parkinson's disease.,23046563
Autoantibody-mediated arthritis in the absence of C3 and activating Fcγ receptors: C5 is activated by the coagulation cascade.,23237573
The ST2 pathway is involved in acute pancreatitis: a translational study in humans and mice.,22542450
Paracrine effect of regulatory T cells promotes cardiomyocyte proliferation during pregnancy and after myocardial infarction.,29946151
HSPs drive dichotomous T-cell immune responses via DNA methylome remodelling in antigen presenting cells.,28561043
Limited role of regulatory T cells during acute Theiler virus-induced encephalitis in resistant C57BL/6 mice.,25391297
Fates of CD4+ T cells in a tolerant environment depend on timing and place of antigen exposure.,22176785
MyD88 signaling in B cells regulates the production of Th1-dependent antibodies to AAV.,22643865
Targeting Syk-activated B cells in murine and human chronic graft-versus-host disease.,25852057
Deletion of interleukin-6 in mice with the dominant negative form of transforming growth factor beta receptor II improves colitis but exacerbates autoimmune cholangitis.,20578264
Expansion of a restricted residual host T reg-cell repertoire is dependent on IL-2 following experimental autologous hematopoietic stem transplantation.,21928285
MEK inhibitors selectively suppress alloreactivity and graft-versus-host disease in a memory stage-dependent manner.,23575444
IL-12Rβ2 is critical for survival of primary Francisella tularensis LVS infection.,23440500
Neonatally imprinted stromal cell subsets induce tolerogenic dendritic cells in mesenteric lymph nodes.,30254319
Bortezomib Plus Continuous B Cell Depletion Results in Sustained Plasma Cell Depletion and Amelioration of Lupus Nephritis in NZB/W F1 Mice.,26252021
A locus on mouse chromosome 13 inversely regulates CD1d expression and the development of invariant natural killer T-cells.,25654212
Targeting of the non-mutated tumor antigen HER2/neu to mature dendritic cells induces an integrated immune response that protects against breast cancer in mice.,22397502
RIG-I-like helicases induce immunogenic cell death of pancreatic cancer cells and sensitize tumors toward killing by CD8(+) T cells.,25012502
Sex steroid deficiency-associated bone loss is microbiota dependent and prevented by probiotics.,27111232
Engineering DNA nanoparticles as immunomodulatory reagents that activate regulatory T cells.,22516958
Subclinical Herpes Simplex Virus Type 1 Infections Provide Site-Specific Resistance to an Unrelated Pathogen.,28062697
ER Chaperone BiP/GRP78 Is Required for Myelinating Cell Survival and Provides Protection during Experimental Autoimmune Encephalomyelitis.,26631473
Activation of Invariant NKT cells with glycolipid ligand α-galactosylceramide ameliorates glucose-6-phosphate isomerase peptide-induced arthritis.,23251456
MHC class Ib-restricted CD8 T cells differ in dependence on CD4 T cell help and CD28 costimulation over the course of mouse polyomavirus infection.,22393155
"Inhibition of indoleamine 2,3-dioxygenase enhances the T-cell response to influenza virus infection.",23580425
Differential requirement for the CD45 splicing regulator hnRNPLL for accumulation of NKT and conventional T cells.,22073166
Characterization of T cell phenotype and function in a double transgenic (collagen-specific TCR/HLA-DR1) humanized model of arthritis.,24405551
Effects of targeted deletion of cannabinoid receptors CB1 and CB2 on immune competence and sensitivity to immune modulation by Delta9-tetrahydrocannabinol.,18791168
Chromatin Domain Organization of the TCRb Locus and Its Perturbation by Ectopic CTCF Binding. ,28137913
Different tissue phagocytes sample apoptotic cells to direct distinct homeostasis programs.,27828940
P2X7 receptor restrains pathogenic Tfh cell generation in systemic lupus erythematosus.,30655308
Pathobiology of the 129:Stat1 <sup>-/-</sup> mouse model of human age-related ER-positive breast cancer with an immune infiltrate-excluded phenotype.,28865492
Differential contribution of dendritic cell CD1d to NKT cell-enhanced humoral immunity and CD8+ T cell activation.,22331103
The interaction of LCK and the CD4 co-receptor alters the dose response of T-cells to interleukin-7.,20433867
Ectopic TBX1 suppresses thymic epithelial cell differentiation and proliferation during thymus organogenesis.,25053428
Proliferative expansion and acquisition of effector activity by memory CD4+ T cells in the lungs following pulmonary virus infection.,18292518
"Vaccine immunity to coccidioidomycosis occurs by early activation of three signal pathways of T helper cell response (Th1, Th2, and Th17).",21859851
Constitutive expression of AID leads to tumorigenesis.,12732658
LNK/SH2B3 regulates IL-7 receptor signaling in normal and malignant B-progenitors.,26974155
GITR intrinsically sustains early type 1 and late follicular helper CD4 T cell accumulation to control a chronic viral infection.,25590581
"Quetiapine, an atypical antipsychotic, is protective against autoimmune-mediated demyelination by inhibiting effector T cell proliferation.",22912731
"Expansion of CD4(+) CD25(+) and CD25(-) T-Bet, GATA-3, Foxp3 and RORγt cells in allergic inflammation, local lung distribution and chemokine gene expression.",21625544
IgG2 antibodies against a clinical grade Plasmodium falciparum CSP vaccine antigen associate with protection against transgenic sporozoite challenge in mice.,25343487
Topical herpes simplex virus 2 (HSV-2) vaccination with human papillomavirus vectors expressing gB/gD ectodomains induces genital-tissue-resident memory CD8+ T cells and reduces genital disease and viral shedding after HSV-2 challenge.,25320297
Induction of protective immunity by vaccination against Chlamydia trachomatis using the major outer membrane protein adjuvanted with CpG oligodeoxynucleotide coupled to the nontoxic B subunit of cholera toxin.,19686693
Expansion and function of Foxp3-expressing T regulatory cells during tuberculosis.,17709423
Expression of αvβ8 integrin on dendritic cells regulates Th17 cell development and experimental autoimmune encephalomyelitis in mice.,21099117
Specific dietary oligosaccharides increase Th1 responses in a mouse respiratory syncytial virus infection model.,22896622
CIITA promoter I CARD-deficient mice express functional MHC class II genes in myeloid and lymphoid compartments.,22218223
Deficiency in regulatory T cells results in development of antimitochondrial antibodies and autoimmune cholangitis.,19065675
Selective enhancement of donor hematopoietic cell engraftment by the CXCR4 antagonist AMD3100 in a mouse transplantation model.,20596257
c-FLIP-Short reduces type I interferon production and increases viremia with coxsackievirus B3.,24816846
iNKT Cells Are Responsible for the Apoptotic Reduction of Basophils That Mediate Th2 Immune Responses Elicited by Papain in Mice Following γPGA Stimulation.,27049954
Deleting TCR alpha beta+ or CD4+ T lymphocytes leads to opposite effects on site-specific atherosclerosis in female apolipoprotein E-deficient mice.,15579444
Differential immunological phenotypes are exhibited after scald and flame burns.,18650781
Single intranasal immunization with recombinant adenovirus-based vaccine induces protective immunity against respiratory syncytial virus infection.,18094185
TLR3 and TLR9 agonists improve postexposure vaccination efficacy of live smallpox vaccines.,25350003
Disruption of CXCR2-mediated MDSC tumor trafficking enhances anti-PD1 efficacy.,24848257
Myocardial aging as a T-cell-mediated phenomenon.,28255084
Lymphotoxin-alpha and TNF have essential but independent roles in the evolution of the granulomatous response in experimental leprosy.,19246648
Treatment of multiple myeloma with adoptively transferred chimeric NKG2D receptor-expressing T cells.,21209626
Identification of an IL-17-producing NK1.1(neg) iNKT cell population involved in airway neutrophilia.,17470641
Contribution of NK cells to the innate phase of host protection against an intracellular bacterium targeting systemic endothelium.,22617213
Lack of IL-6 during coxsackievirus infection heightens the early immune response resulting in increased severity of chronic autoimmune myocarditis.,19587788
"DNMT3A Haploinsufficiency Transforms FLT3ITD Myeloproliferative Disease into a Rapid, Spontaneous, and Fully Penetrant Acute Myeloid Leukemia.",27016502
The interaction between IL-18 and IL-18 receptor limits the magnitude of protective immunity and enhances pathogenic responses following infection with intracellular bacteria.,21715688
OX40 induces CCL20 expression in the context of antigen stimulation: an expanding role of co-stimulatory molecules in chemotaxis.,20400327
Susceptibility of CCR5-deficient mice to genital herpes simplex virus type 2 is linked to NK cell mobilization.,17267483
CD4+ T lymphocytes are not necessary for the acute rejection of vascularized mouse lung transplants.,18354199
T-bet deficiency reduces atherosclerosis and alters plaque antigen-specific immune responses.,15665085
B7-H4Ig inhibits mouse and human T-cell function and treats EAE via IL-10/Treg-dependent mechanisms.,23683881
Activation of OX40 augments Th17 cytokine expression and antigen-specific uveitis.,20952591
Human neutrophil Fcgamma receptors initiate and play specialized nonredundant roles in antibody-mediated inflammatory diseases.,18538590
Ubiquitous Over-Expression of Chromatin Remodeling Factor SRG3 Ameliorates the T Cell-Mediated Exacerbation of EAE by Modulating the Phenotypes of both Dendritic Cells and Macrophages.,26147219
Nedd4 augments the adaptive immune response by promoting ubiquitin-mediated degradation of Cbl-b in activated T cells.,18931680
Identification of stage-specific gene modulation during early thymocyte development by whole-genome profiling analysis after aryl hydrocarbon receptor activation.,20159946
"VCAM-1 blockade delays disease onset, reduces disease severity and inflammatory cells in an atopic dermatitis model.",20065994
JunD/AP-1-mediated gene expression promotes lymphocyte growth dependent on interleukin-7 signal transduction.,22384197
ICAM-5 modulates cytokine/chemokine production in the CNS during the course of herpes simplex virus type 1 infection.,19589604
Intraspleen delivery of a DNA vaccine coding for superoxide dismutase (SOD) of Brucella abortus induces SOD-specific CD4+ and CD8+ T cells.,15039330
CD4+ CD25+ Foxp3- T-regulatory cells produce both gamma interferon and interleukin-10 during acute severe murine spotted fever rickettsiosis.,19564386
A critical role for the retinoic acid signaling pathway in the pathophysiology of gastrointestinal graft-versus-host disease.,23529927
Modulation of CD8+ CTL effector function by fibroblasts derived from the immunoprivileged cornea.,17460279
Role of regulatory T cells in a new mouse model of experimental autoimmune myositis.,19218348
Newly generated CD4 T cells in aged animals do not exhibit age-related defects in response to antigen.,15781577
Thymus-specific serine protease controls autoreactive CD4 T cell development and autoimmune diabetes in mice.,21505262
Bone marrow precursor cells from aged mice generate CD4 T cells that function well in primary and memory responses.,18802086
Myeloid dendritic cells (DCs) of mice susceptible to paracoccidioidomycosis suppress T cell responses whereas myeloid and plasmacytoid DCs from resistant mice induce effector and regulatory T cells.,23340311
Abnormal immune response of CCR5-deficient mice to ocular infection with herpes simplex virus type 1.,16476970
ESAT-6-specific CD4 T cell responses to aerosol Mycobacterium tuberculosis infection are initiated in the mediastinal lymph nodes.,18667699
Gfi1 integrates progenitor versus granulocytic transcriptional programming.,19346496
Mutation in fas ligand impairs maturation of thymocytes bearing moderate affinity T cell receptors.,12860933
The death effector domain protein PEA-15 negatively regulates T-cell receptor signaling.,20354143
The actin regulator coronin 1A is mutant in a thymic egress-deficient mouse strain and in a patient with severe combined immunodeficiency.,18836449
Infected site-restricted Foxp3+ natural regulatory T cells are specific for microbial antigens.,16533885
Immune dysregulation accelerates atherosclerosis and modulates plaque composition in systemic lupus erythematosus.,16636270
Amelioration of coxsackievirus B3-mediated myocarditis by inhibition of tissue inhibitors of matrix metalloproteinase-1.,18055551
Increased sensitivity to staphylococcal enterotoxin B following adenoviral infection.,15908364
T cell epitope specificity and pathogenesis of mouse hepatitis virus-1-induced disease in susceptible and resistant hosts.,20554960
Immune reconstitution during Pneumocystis lung infection: disruption of surfactant component expression and function by S-nitrosylation.,19201882
"Tentative T cells: memory cells are quick to respond, but slow to divide.",18404208
Interleukin-22 but not interleukin-17 provides protection to hepatocytes during acute liver inflammation.,17919941
CEACAM1 regulates TIM-3-mediated tolerance and exhaustion.,25363763
The Wnt signaling antagonist Kremen1 is required for development of thymic architecture.,17162372
